listing_id,neighbourhood,dist_zone,price_eur,occ_days,rev_est,compliance_status,risk_level,risk_reason,regularisable,investor_recommendation,top_citation,top_doc_title,similarity_score
807239,ΑΝΩ ΠΑΤΗΣΙΑ,far_5km_plus,43.0,66.0,2838.0,UNLICENSED,LOW,Peripheral zone. Low enforcement density. Standard due diligence.,True,LOW PRIORITY. Peripheral unlicensed listing. Standard compliance due diligence recommended before acquisition.,ARIA Phase 1 EDA · IAB Athens Sept 2025,AMA compliance rate — Athens market context,0.6142
1004858,ΑΚΑΔΗΜΙΑ ΠΛΑΤΩΝΟΣ,near_1_3km,135.0,66.0,8910.0,UNLICENSED,MEDIUM,Regularisation possible (outside AMA freeze zone). Process takes 3-6 months. Verify building permit status before acquisition.,True,"MONITOR. Regularisation possible — verify building permit status. If permit is valid, AMA registration takes 3-6 months. Acquisition at discount may be viable post-regularisation.",ARIA Phase 1 EDA · IAB Athens Sept 2025,AMA compliance rate — Athens market context,0.732
1238291,ΕΜΠΟΡΙΚΟ ΤΡΙΓΩΝΟ-ΠΛΑΚΑ,centre_0_1km,123.0,12.0,1476.0,UNLICENSED,HIGH,Cannot regularise (AMA freeze Dec 2024). Enforcement removal imminent. Do not acquire — monitor for demand redistribution to compliant neighbours.,False,"DO NOT ACQUIRE. Unlicensed in AMA freeze zone — no path to regularisation. Acquisition risk: EUR 5,000-50,000 fine + forced removal. OPPORTUNITY: acquire AMA-registered neighbours who will benefit from this listing's eventual enforcement removal.",ARIA Investment Strategy · Phase 2 + Phase 5 synthesis,Investor strategy — compliance as competitive moat,0.5914
1286210,ΑΜΠΕΛΟΚΗΠΟΙ,near_1_3km,41.0,66.0,2706.0,UNLICENSED,MEDIUM,Regularisation possible (outside AMA freeze zone). Process takes 3-6 months. Verify building permit status before acquisition.,True,"MONITOR. Regularisation possible — verify building permit status. If permit is valid, AMA registration takes 3-6 months. Acquisition at discount may be viable post-regularisation.",ARIA Phase 1 EDA · IAB Athens Sept 2025,AMA compliance rate — Athens market context,0.732
1315027,ΙΛΙΣΙΑ,near_1_3km,69.0,66.0,4554.0,UNLICENSED,MEDIUM,Regularisation possible (outside AMA freeze zone). Process takes 3-6 months. Verify building permit status before acquisition.,True,"MONITOR. Regularisation possible — verify building permit status. If permit is valid, AMA registration takes 3-6 months. Acquisition at discount may be viable post-regularisation.",ARIA Phase 1 EDA · IAB Athens Sept 2025,AMA compliance rate — Athens market context,0.732
1470809,ΑΚΡΟΠΟΛΗ,near_1_3km,91.0,66.0,6006.0,UNLICENSED,MEDIUM,Regularisation possible (outside AMA freeze zone). Process takes 3-6 months. Verify building permit status before acquisition.,True,"MONITOR. Regularisation possible — verify building permit status. If permit is valid, AMA registration takes 3-6 months. Acquisition at discount may be viable post-regularisation.",ARIA Phase 1 EDA · IAB Athens Sept 2025,AMA compliance rate — Athens market context,0.732
1473284,ΑΚΡΟΠΟΛΗ,near_1_3km,36.0,66.0,2376.0,UNLICENSED,MEDIUM,Regularisation possible (outside AMA freeze zone). Process takes 3-6 months. Verify building permit status before acquisition.,True,"MONITOR. Regularisation possible — verify building permit status. If permit is valid, AMA registration takes 3-6 months. Acquisition at discount may be viable post-regularisation.",ARIA Phase 1 EDA · IAB Athens Sept 2025,AMA compliance rate — Athens market context,0.732
2948623,ΒΟΤΑΝΙΚΟΣ,near_1_3km,81.0,66.0,5346.0,UNLICENSED,MEDIUM,Regularisation possible (outside AMA freeze zone). Process takes 3-6 months. Verify building permit status before acquisition.,True,"MONITOR. Regularisation possible — verify building permit status. If permit is valid, AMA registration takes 3-6 months. Acquisition at discount may be viable post-regularisation.",ARIA Phase 1 EDA · IAB Athens Sept 2025,AMA compliance rate — Athens market context,0.732
3461034,ΑΜΠΕΛΟΚΗΠΟΙ,near_1_3km,71.0,66.0,4686.0,UNLICENSED,MEDIUM,Regularisation possible (outside AMA freeze zone). Process takes 3-6 months. Verify building permit status before acquisition.,True,"MONITOR. Regularisation possible — verify building permit status. If permit is valid, AMA registration takes 3-6 months. Acquisition at discount may be viable post-regularisation.",ARIA Phase 1 EDA · IAB Athens Sept 2025,AMA compliance rate — Athens market context,0.732
4253959,ΠΛΑΤΕΙΑ ΑΤΤΙΚΗΣ,near_1_3km,57.0,66.0,3762.0,UNLICENSED,MEDIUM,Regularisation possible (outside AMA freeze zone). Process takes 3-6 months. Verify building permit status before acquisition.,True,"MONITOR. Regularisation possible — verify building permit status. If permit is valid, AMA registration takes 3-6 months. Acquisition at discount may be viable post-regularisation.",ARIA Phase 1 EDA · IAB Athens Sept 2025,AMA compliance rate — Athens market context,0.732
6240267,ΚΟΥΚΑΚΙ-ΜΑΚΡΥΓΙΑΝΝΗ,near_1_3km,90.0,66.0,5940.0,UNLICENSED,MEDIUM,Regularisation possible (outside AMA freeze zone). Process takes 3-6 months. Verify building permit status before acquisition.,True,"MONITOR. Regularisation possible — verify building permit status. If permit is valid, AMA registration takes 3-6 months. Acquisition at discount may be viable post-regularisation.",ARIA Phase 1 EDA · IAB Athens Sept 2025,AMA compliance rate — Athens market context,0.732
6840662,ΜΟΥΣΕΙΟ-ΕΞΑΡΧΕΙΑ-ΝΕΑΠΟΛΗ,near_1_3km,80.0,16.0,1280.0,UNLICENSED,MEDIUM,Regularisation possible (outside AMA freeze zone). Process takes 3-6 months. Verify building permit status before acquisition.,True,"MONITOR. Regularisation possible — verify building permit status. If permit is valid, AMA registration takes 3-6 months. Acquisition at discount may be viable post-regularisation.",ARIA Phase 1 EDA · IAB Athens Sept 2025,AMA compliance rate — Athens market context,0.732
7209432,ΑΓΙΟΣ ΚΩΝΣΤΑΝΤΙΝΟΣ-ΠΛΑΤΕΙΑ ΒΑΘΗΣ,near_1_3km,90.0,66.0,5940.0,UNLICENSED,MEDIUM,Regularisation possible (outside AMA freeze zone). Process takes 3-6 months. Verify building permit status before acquisition.,True,"MONITOR. Regularisation possible — verify building permit status. If permit is valid, AMA registration takes 3-6 months. Acquisition at discount may be viable post-regularisation.",ARIA Phase 1 EDA · IAB Athens Sept 2025,AMA compliance rate — Athens market context,0.732
7417715,ΑΓΙΟΣ ΚΩΝΣΤΑΝΤΙΝΟΣ-ΠΛΑΤΕΙΑ ΒΑΘΗΣ,near_1_3km,35.0,66.0,2310.0,UNLICENSED,MEDIUM,Regularisation possible (outside AMA freeze zone). Process takes 3-6 months. Verify building permit status before acquisition.,True,"MONITOR. Regularisation possible — verify building permit status. If permit is valid, AMA registration takes 3-6 months. Acquisition at discount may be viable post-regularisation.",ARIA Phase 1 EDA · IAB Athens Sept 2025,AMA compliance rate — Athens market context,0.732
7778776,ΓΟΥΔΙ,near_1_3km,60.0,66.0,3960.0,UNLICENSED,MEDIUM,Regularisation possible (outside AMA freeze zone). Process takes 3-6 months. Verify building permit status before acquisition.,True,"MONITOR. Regularisation possible — verify building permit status. If permit is valid, AMA registration takes 3-6 months. Acquisition at discount may be viable post-regularisation.",ARIA Phase 1 EDA · IAB Athens Sept 2025,AMA compliance rate — Athens market context,0.732
7806479,ΚΟΛΩΝΑΚΙ,centre_0_1km,128.0,66.0,8448.0,UNLICENSED,HIGH,Cannot regularise (AMA freeze Dec 2024). Enforcement removal imminent. Do not acquire — monitor for demand redistribution to compliant neighbours.,False,"DO NOT ACQUIRE. Unlicensed in AMA freeze zone — no path to regularisation. Acquisition risk: EUR 5,000-50,000 fine + forced removal. OPPORTUNITY: acquire AMA-registered neighbours who will benefit from this listing's eventual enforcement removal.",ARIA Investment Strategy · Phase 2 + Phase 5 synthesis,Investor strategy — compliance as competitive moat,0.5914
7806633,ΚΟΛΩΝΑΚΙ,centre_0_1km,89.0,66.0,5874.0,UNLICENSED,HIGH,Cannot regularise (AMA freeze Dec 2024). Enforcement removal imminent. Do not acquire — monitor for demand redistribution to compliant neighbours.,False,"DO NOT ACQUIRE. Unlicensed in AMA freeze zone — no path to regularisation. Acquisition risk: EUR 5,000-50,000 fine + forced removal. OPPORTUNITY: acquire AMA-registered neighbours who will benefit from this listing's eventual enforcement removal.",ARIA Investment Strategy · Phase 2 + Phase 5 synthesis,Investor strategy — compliance as competitive moat,0.5914
7834234,ΛΥΚΑΒΗΤΤΟΣ,near_1_3km,149.0,66.0,9834.0,UNLICENSED,MEDIUM,Regularisation possible (outside AMA freeze zone). Process takes 3-6 months. Verify building permit status before acquisition.,True,"MONITOR. Regularisation possible — verify building permit status. If permit is valid, AMA registration takes 3-6 months. Acquisition at discount may be viable post-regularisation.",ARIA Phase 1 EDA · IAB Athens Sept 2025,AMA compliance rate — Athens market context,0.732
8835412,ΣΤΑΘΜΟΣ ΛΑΡΙΣΗΣ,near_1_3km,49.0,66.0,3234.0,UNLICENSED,MEDIUM,Regularisation possible (outside AMA freeze zone). Process takes 3-6 months. Verify building permit status before acquisition.,True,"MONITOR. Regularisation possible — verify building permit status. If permit is valid, AMA registration takes 3-6 months. Acquisition at discount may be viable post-regularisation.",ARIA Phase 1 EDA · IAB Athens Sept 2025,AMA compliance rate — Athens market context,0.732
9486927,ΚΟΥΚΑΚΙ-ΜΑΚΡΥΓΙΑΝΝΗ,near_1_3km,80.0,66.0,5280.0,UNLICENSED,MEDIUM,Regularisation possible (outside AMA freeze zone). Process takes 3-6 months. Verify building permit status before acquisition.,True,"MONITOR. Regularisation possible — verify building permit status. If permit is valid, AMA registration takes 3-6 months. Acquisition at discount may be viable post-regularisation.",ARIA Phase 1 EDA · IAB Athens Sept 2025,AMA compliance rate — Athens market context,0.732
9768981,ΕΜΠΟΡΙΚΟ ΤΡΙΓΩΝΟ-ΠΛΑΚΑ,centre_0_1km,34.0,66.0,2244.0,UNLICENSED,HIGH,Cannot regularise (AMA freeze Dec 2024). Enforcement removal imminent. Do not acquire — monitor for demand redistribution to compliant neighbours.,False,"DO NOT ACQUIRE. Unlicensed in AMA freeze zone — no path to regularisation. Acquisition risk: EUR 5,000-50,000 fine + forced removal. OPPORTUNITY: acquire AMA-registered neighbours who will benefit from this listing's eventual enforcement removal.",ARIA Investment Strategy · Phase 2 + Phase 5 synthesis,Investor strategy — compliance as competitive moat,0.5914
9916154,ΛΥΚΑΒΗΤΤΟΣ,centre_0_1km,457.0,66.0,30162.0,UNLICENSED,HIGH,Cannot regularise (AMA freeze Dec 2024). Enforcement removal imminent. Do not acquire — monitor for demand redistribution to compliant neighbours.,False,"DO NOT ACQUIRE. Unlicensed in AMA freeze zone — no path to regularisation. Acquisition risk: EUR 5,000-50,000 fine + forced removal. OPPORTUNITY: acquire AMA-registered neighbours who will benefit from this listing's eventual enforcement removal.",ARIA Investment Strategy · Phase 2 + Phase 5 synthesis,Investor strategy — compliance as competitive moat,0.5914
11349671,ΑΜΠΕΛΟΚΗΠΟΙ,near_1_3km,55.0,66.0,3630.0,UNLICENSED,MEDIUM,Regularisation possible (outside AMA freeze zone). Process takes 3-6 months. Verify building permit status before acquisition.,True,"MONITOR. Regularisation possible — verify building permit status. If permit is valid, AMA registration takes 3-6 months. Acquisition at discount may be viable post-regularisation.",ARIA Phase 1 EDA · IAB Athens Sept 2025,AMA compliance rate — Athens market context,0.732
12023315,ΚΟΛΟΚΥΝΘΟΥ,mid_3_5km,59.0,66.0,3894.0,UNLICENSED,LOW,Lower enforcement priority. Standard due diligence recommended.,True,LOW PRIORITY. Peripheral unlicensed listing. Standard compliance due diligence recommended before acquisition.,Law 4276/2014 amended · Greek Tax Authority (AADE),AMA violation penalties,0.6615
12193432,ΜΟΥΣΕΙΟ-ΕΞΑΡΧΕΙΑ-ΝΕΑΠΟΛΗ,near_1_3km,45.0,66.0,2970.0,UNLICENSED,MEDIUM,Regularisation possible (outside AMA freeze zone). Process takes 3-6 months. Verify building permit status before acquisition.,True,"MONITOR. Regularisation possible — verify building permit status. If permit is valid, AMA registration takes 3-6 months. Acquisition at discount may be viable post-regularisation.",ARIA Phase 1 EDA · IAB Athens Sept 2025,AMA compliance rate — Athens market context,0.732
12689332,ΜΟΥΣΕΙΟ-ΕΞΑΡΧΕΙΑ-ΝΕΑΠΟΛΗ,near_1_3km,33.0,30.0,990.0,UNLICENSED,MEDIUM,Regularisation possible (outside AMA freeze zone). Process takes 3-6 months. Verify building permit status before acquisition.,True,"MONITOR. Regularisation possible — verify building permit status. If permit is valid, AMA registration takes 3-6 months. Acquisition at discount may be viable post-regularisation.",ARIA Phase 1 EDA · IAB Athens Sept 2025,AMA compliance rate — Athens market context,0.732
13064141,ΣΤΑΔΙΟ,near_1_3km,78.0,66.0,5148.0,UNLICENSED,MEDIUM,Regularisation possible (outside AMA freeze zone). Process takes 3-6 months. Verify building permit status before acquisition.,True,"MONITOR. Regularisation possible — verify building permit status. If permit is valid, AMA registration takes 3-6 months. Acquisition at discount may be viable post-regularisation.",ARIA Phase 1 EDA · IAB Athens Sept 2025,AMA compliance rate — Athens market context,0.732
13252360,ΠΛΑΤΕΙΑ ΑΤΤΙΚΗΣ,near_1_3km,39.0,66.0,2574.0,UNLICENSED,MEDIUM,Regularisation possible (outside AMA freeze zone). Process takes 3-6 months. Verify building permit status before acquisition.,True,"MONITOR. Regularisation possible — verify building permit status. If permit is valid, AMA registration takes 3-6 months. Acquisition at discount may be viable post-regularisation.",ARIA Phase 1 EDA · IAB Athens Sept 2025,AMA compliance rate — Athens market context,0.732
13455532,ΜΟΥΣΕΙΟ-ΕΞΑΡΧΕΙΑ-ΝΕΑΠΟΛΗ,near_1_3km,90.0,66.0,5940.0,UNLICENSED,MEDIUM,Regularisation possible (outside AMA freeze zone). Process takes 3-6 months. Verify building permit status before acquisition.,True,"MONITOR. Regularisation possible — verify building permit status. If permit is valid, AMA registration takes 3-6 months. Acquisition at discount may be viable post-regularisation.",ARIA Phase 1 EDA · IAB Athens Sept 2025,AMA compliance rate — Athens market context,0.732
13766522,ΚΕΡΑΜΕΙΚΟΣ,near_1_3km,53.0,66.0,3498.0,UNLICENSED,MEDIUM,Regularisation possible (outside AMA freeze zone). Process takes 3-6 months. Verify building permit status before acquisition.,True,"MONITOR. Regularisation possible — verify building permit status. If permit is valid, AMA registration takes 3-6 months. Acquisition at discount may be viable post-regularisation.",ARIA Phase 1 EDA · IAB Athens Sept 2025,AMA compliance rate — Athens market context,0.732
13833315,ΚΟΥΚΑΚΙ-ΜΑΚΡΥΓΙΑΝΝΗ,near_1_3km,45.0,66.0,2970.0,UNLICENSED,MEDIUM,Regularisation possible (outside AMA freeze zone). Process takes 3-6 months. Verify building permit status before acquisition.,True,"MONITOR. Regularisation possible — verify building permit status. If permit is valid, AMA registration takes 3-6 months. Acquisition at discount may be viable post-regularisation.",ARIA Phase 1 EDA · IAB Athens Sept 2025,AMA compliance rate — Athens market context,0.732
14053253,ΝΕΟΣ ΚΟΣΜΟΣ,near_1_3km,201.0,66.0,13266.0,UNLICENSED,MEDIUM,Regularisation possible (outside AMA freeze zone). Process takes 3-6 months. Verify building permit status before acquisition.,True,"MONITOR. Regularisation possible — verify building permit status. If permit is valid, AMA registration takes 3-6 months. Acquisition at discount may be viable post-regularisation.",ARIA Phase 1 EDA · IAB Athens Sept 2025,AMA compliance rate — Athens market context,0.732
14097090,ΚΟΥΚΑΚΙ-ΜΑΚΡΥΓΙΑΝΝΗ,near_1_3km,64.0,66.0,4224.0,UNLICENSED,MEDIUM,Regularisation possible (outside AMA freeze zone). Process takes 3-6 months. Verify building permit status before acquisition.,True,"MONITOR. Regularisation possible — verify building permit status. If permit is valid, AMA registration takes 3-6 months. Acquisition at discount may be viable post-regularisation.",ARIA Phase 1 EDA · IAB Athens Sept 2025,AMA compliance rate — Athens market context,0.732
14194511,ΠΛΑΤΕΙΑ ΑΤΤΙΚΗΣ,near_1_3km,75.0,66.0,4950.0,UNLICENSED,MEDIUM,Regularisation possible (outside AMA freeze zone). Process takes 3-6 months. Verify building permit status before acquisition.,True,"MONITOR. Regularisation possible — verify building permit status. If permit is valid, AMA registration takes 3-6 months. Acquisition at discount may be viable post-regularisation.",ARIA Phase 1 EDA · IAB Athens Sept 2025,AMA compliance rate — Athens market context,0.732
14226639,ΕΜΠΟΡΙΚΟ ΤΡΙΓΩΝΟ-ΠΛΑΚΑ,centre_0_1km,79.0,66.0,5214.0,UNLICENSED,HIGH,Cannot regularise (AMA freeze Dec 2024). Enforcement removal imminent. Do not acquire — monitor for demand redistribution to compliant neighbours.,False,"DO NOT ACQUIRE. Unlicensed in AMA freeze zone — no path to regularisation. Acquisition risk: EUR 5,000-50,000 fine + forced removal. OPPORTUNITY: acquire AMA-registered neighbours who will benefit from this listing's eventual enforcement removal.",ARIA Investment Strategy · Phase 2 + Phase 5 synthesis,Investor strategy — compliance as competitive moat,0.5914
14533431,ΝΕΟΣ ΚΟΣΜΟΣ,near_1_3km,300.0,66.0,19800.0,UNLICENSED,MEDIUM,Regularisation possible (outside AMA freeze zone). Process takes 3-6 months. Verify building permit status before acquisition.,True,"MONITOR. Regularisation possible — verify building permit status. If permit is valid, AMA registration takes 3-6 months. Acquisition at discount may be viable post-regularisation.",ARIA Phase 1 EDA · IAB Athens Sept 2025,AMA compliance rate — Athens market context,0.732
14664791,ΝΕΟΣ ΚΟΣΜΟΣ,near_1_3km,400.0,66.0,26400.0,UNLICENSED,MEDIUM,Regularisation possible (outside AMA freeze zone). Process takes 3-6 months. Verify building permit status before acquisition.,True,"MONITOR. Regularisation possible — verify building permit status. If permit is valid, AMA registration takes 3-6 months. Acquisition at discount may be viable post-regularisation.",ARIA Phase 1 EDA · IAB Athens Sept 2025,AMA compliance rate — Athens market context,0.732
15510318,ΜΟΥΣΕΙΟ-ΕΞΑΡΧΕΙΑ-ΝΕΑΠΟΛΗ,near_1_3km,36.0,66.0,2376.0,UNLICENSED,MEDIUM,Regularisation possible (outside AMA freeze zone). Process takes 3-6 months. Verify building permit status before acquisition.,True,"MONITOR. Regularisation possible — verify building permit status. If permit is valid, AMA registration takes 3-6 months. Acquisition at discount may be viable post-regularisation.",ARIA Phase 1 EDA · IAB Athens Sept 2025,AMA compliance rate — Athens market context,0.732
16420622,ΠΑΓΚΡΑΤΙ,near_1_3km,34.0,66.0,2244.0,UNLICENSED,MEDIUM,Regularisation possible (outside AMA freeze zone). Process takes 3-6 months. Verify building permit status before acquisition.,True,"MONITOR. Regularisation possible — verify building permit status. If permit is valid, AMA registration takes 3-6 months. Acquisition at discount may be viable post-regularisation.",ARIA Phase 1 EDA · IAB Athens Sept 2025,AMA compliance rate — Athens market context,0.732
17418913,ΑΓΙΟΣ ΚΩΝΣΤΑΝΤΙΝΟΣ-ΠΛΑΤΕΙΑ ΒΑΘΗΣ,near_1_3km,320.0,66.0,21120.0,UNLICENSED,MEDIUM,Regularisation possible (outside AMA freeze zone). Process takes 3-6 months. Verify building permit status before acquisition.,True,"MONITOR. Regularisation possible — verify building permit status. If permit is valid, AMA registration takes 3-6 months. Acquisition at discount may be viable post-regularisation.",ARIA Phase 1 EDA · IAB Athens Sept 2025,AMA compliance rate — Athens market context,0.732
17511573,ΠΑΓΚΡΑΤΙ,near_1_3km,46.0,66.0,3036.0,UNLICENSED,MEDIUM,Regularisation possible (outside AMA freeze zone). Process takes 3-6 months. Verify building permit status before acquisition.,True,"MONITOR. Regularisation possible — verify building permit status. If permit is valid, AMA registration takes 3-6 months. Acquisition at discount may be viable post-regularisation.",ARIA Phase 1 EDA · IAB Athens Sept 2025,AMA compliance rate — Athens market context,0.732
18430465,1Ο ΝΕΚΡΟΤΑΦΕΙΟ,near_1_3km,24.0,66.0,1584.0,UNLICENSED,MEDIUM,Regularisation possible (outside AMA freeze zone). Process takes 3-6 months. Verify building permit status before acquisition.,True,"MONITOR. Regularisation possible — verify building permit status. If permit is valid, AMA registration takes 3-6 months. Acquisition at discount may be viable post-regularisation.",ARIA Phase 1 EDA · IAB Athens Sept 2025,AMA compliance rate — Athens market context,0.732
19156916,ΓΟΥΒΑ,near_1_3km,98.0,66.0,6468.0,UNLICENSED,MEDIUM,Regularisation possible (outside AMA freeze zone). Process takes 3-6 months. Verify building permit status before acquisition.,True,"MONITOR. Regularisation possible — verify building permit status. If permit is valid, AMA registration takes 3-6 months. Acquisition at discount may be viable post-regularisation.",ARIA Phase 1 EDA · IAB Athens Sept 2025,AMA compliance rate — Athens market context,0.732
19271698,ΑΓΙΟΣ ΝΙΚΟΛΑΟΣ,mid_3_5km,75.0,66.0,4950.0,UNLICENSED,LOW,Lower enforcement priority. Standard due diligence recommended.,True,LOW PRIORITY. Peripheral unlicensed listing. Standard compliance due diligence recommended before acquisition.,Law 4276/2014 amended · Greek Tax Authority (AADE),AMA violation penalties,0.6615
20011858,ΛΥΚΑΒΗΤΤΟΣ,centre_0_1km,50.0,66.0,3300.0,UNLICENSED,HIGH,Cannot regularise (AMA freeze Dec 2024). Enforcement removal imminent. Do not acquire — monitor for demand redistribution to compliant neighbours.,False,"DO NOT ACQUIRE. Unlicensed in AMA freeze zone — no path to regularisation. Acquisition risk: EUR 5,000-50,000 fine + forced removal. OPPORTUNITY: acquire AMA-registered neighbours who will benefit from this listing's eventual enforcement removal.",ARIA Investment Strategy · Phase 2 + Phase 5 synthesis,Investor strategy — compliance as competitive moat,0.5914
20413667,ΣΤΑΔΙΟ,near_1_3km,46.0,66.0,3036.0,UNLICENSED,MEDIUM,Regularisation possible (outside AMA freeze zone). Process takes 3-6 months. Verify building permit status before acquisition.,True,"MONITOR. Regularisation possible — verify building permit status. If permit is valid, AMA registration takes 3-6 months. Acquisition at discount may be viable post-regularisation.",ARIA Phase 1 EDA · IAB Athens Sept 2025,AMA compliance rate — Athens market context,0.732
21106510,ΣΤΑΔΙΟ,centre_0_1km,147.0,66.0,9702.0,UNLICENSED,HIGH,Cannot regularise (AMA freeze Dec 2024). Enforcement removal imminent. Do not acquire — monitor for demand redistribution to compliant neighbours.,False,"DO NOT ACQUIRE. Unlicensed in AMA freeze zone — no path to regularisation. Acquisition risk: EUR 5,000-50,000 fine + forced removal. OPPORTUNITY: acquire AMA-registered neighbours who will benefit from this listing's eventual enforcement removal.",ARIA Investment Strategy · Phase 2 + Phase 5 synthesis,Investor strategy — compliance as competitive moat,0.5914
21131931,ΕΜΠΟΡΙΚΟ ΤΡΙΓΩΝΟ-ΠΛΑΚΑ,centre_0_1km,270.0,66.0,17820.0,UNLICENSED,HIGH,Cannot regularise (AMA freeze Dec 2024). Enforcement removal imminent. Do not acquire — monitor for demand redistribution to compliant neighbours.,False,"DO NOT ACQUIRE. Unlicensed in AMA freeze zone — no path to regularisation. Acquisition risk: EUR 5,000-50,000 fine + forced removal. OPPORTUNITY: acquire AMA-registered neighbours who will benefit from this listing's eventual enforcement removal.",ARIA Investment Strategy · Phase 2 + Phase 5 synthesis,Investor strategy — compliance as competitive moat,0.5914
21132675,ΕΜΠΟΡΙΚΟ ΤΡΙΓΩΝΟ-ΠΛΑΚΑ,centre_0_1km,224.0,66.0,14784.0,UNLICENSED,HIGH,Cannot regularise (AMA freeze Dec 2024). Enforcement removal imminent. Do not acquire — monitor for demand redistribution to compliant neighbours.,False,"DO NOT ACQUIRE. Unlicensed in AMA freeze zone — no path to regularisation. Acquisition risk: EUR 5,000-50,000 fine + forced removal. OPPORTUNITY: acquire AMA-registered neighbours who will benefit from this listing's eventual enforcement removal.",ARIA Investment Strategy · Phase 2 + Phase 5 synthesis,Investor strategy — compliance as competitive moat,0.5914
21133739,ΕΜΠΟΡΙΚΟ ΤΡΙΓΩΝΟ-ΠΛΑΚΑ,centre_0_1km,220.0,66.0,14520.0,UNLICENSED,HIGH,Cannot regularise (AMA freeze Dec 2024). Enforcement removal imminent. Do not acquire — monitor for demand redistribution to compliant neighbours.,False,"DO NOT ACQUIRE. Unlicensed in AMA freeze zone — no path to regularisation. Acquisition risk: EUR 5,000-50,000 fine + forced removal. OPPORTUNITY: acquire AMA-registered neighbours who will benefit from this listing's eventual enforcement removal.",ARIA Investment Strategy · Phase 2 + Phase 5 synthesis,Investor strategy — compliance as competitive moat,0.5914
21195850,ΣΤΑΔΙΟ,centre_0_1km,139.0,66.0,9174.0,UNLICENSED,HIGH,Cannot regularise (AMA freeze Dec 2024). Enforcement removal imminent. Do not acquire — monitor for demand redistribution to compliant neighbours.,False,"DO NOT ACQUIRE. Unlicensed in AMA freeze zone — no path to regularisation. Acquisition risk: EUR 5,000-50,000 fine + forced removal. OPPORTUNITY: acquire AMA-registered neighbours who will benefit from this listing's eventual enforcement removal.",ARIA Investment Strategy · Phase 2 + Phase 5 synthesis,Investor strategy — compliance as competitive moat,0.5914
21211058,ΠΑΤΗΣΙΑ,mid_3_5km,30.0,66.0,1980.0,UNLICENSED,LOW,Lower enforcement priority. Standard due diligence recommended.,True,LOW PRIORITY. Peripheral unlicensed listing. Standard compliance due diligence recommended before acquisition.,Law 4276/2014 amended · Greek Tax Authority (AADE),AMA violation penalties,0.6615
22159114,ΓΟΥΔΙ,mid_3_5km,40.0,66.0,2640.0,UNLICENSED,LOW,Lower enforcement priority. Standard due diligence recommended.,True,LOW PRIORITY. Peripheral unlicensed listing. Standard compliance due diligence recommended before acquisition.,Law 4276/2014 amended · Greek Tax Authority (AADE),AMA violation penalties,0.6615
22172190,ΠΑΓΚΡΑΤΙ,near_1_3km,51.0,66.0,3366.0,UNLICENSED,MEDIUM,Regularisation possible (outside AMA freeze zone). Process takes 3-6 months. Verify building permit status before acquisition.,True,"MONITOR. Regularisation possible — verify building permit status. If permit is valid, AMA registration takes 3-6 months. Acquisition at discount may be viable post-regularisation.",ARIA Phase 1 EDA · IAB Athens Sept 2025,AMA compliance rate — Athens market context,0.732
22549921,ΚΟΛΩΝΑΚΙ,near_1_3km,73.0,6.0,438.0,UNLICENSED,MEDIUM,Regularisation possible (outside AMA freeze zone). Process takes 3-6 months. Verify building permit status before acquisition.,True,"MONITOR. Regularisation possible — verify building permit status. If permit is valid, AMA registration takes 3-6 months. Acquisition at discount may be viable post-regularisation.",ARIA Phase 1 EDA · IAB Athens Sept 2025,AMA compliance rate — Athens market context,0.732
22905744,ΚΟΛΩΝΟΣ,mid_3_5km,56.0,66.0,3696.0,UNLICENSED,LOW,Lower enforcement priority. Standard due diligence recommended.,True,LOW PRIORITY. Peripheral unlicensed listing. Standard compliance due diligence recommended before acquisition.,Law 4276/2014 amended · Greek Tax Authority (AADE),AMA violation penalties,0.6615
23809359,ΠΑΓΚΡΑΤΙ,near_1_3km,57.0,66.0,3762.0,UNLICENSED,MEDIUM,Regularisation possible (outside AMA freeze zone). Process takes 3-6 months. Verify building permit status before acquisition.,True,"MONITOR. Regularisation possible — verify building permit status. If permit is valid, AMA registration takes 3-6 months. Acquisition at discount may be viable post-regularisation.",ARIA Phase 1 EDA · IAB Athens Sept 2025,AMA compliance rate — Athens market context,0.732
24178839,ΚΕΡΑΜΕΙΚΟΣ,near_1_3km,64.0,66.0,4224.0,UNLICENSED,MEDIUM,Regularisation possible (outside AMA freeze zone). Process takes 3-6 months. Verify building permit status before acquisition.,True,"MONITOR. Regularisation possible — verify building permit status. If permit is valid, AMA registration takes 3-6 months. Acquisition at discount may be viable post-regularisation.",ARIA Phase 1 EDA · IAB Athens Sept 2025,AMA compliance rate — Athens market context,0.732
24236354,ΑΓΙΟΣ ΚΩΝΣΤΑΝΤΙΝΟΣ-ΠΛΑΤΕΙΑ ΒΑΘΗΣ,near_1_3km,62.0,66.0,4092.0,UNLICENSED,MEDIUM,Regularisation possible (outside AMA freeze zone). Process takes 3-6 months. Verify building permit status before acquisition.,True,"MONITOR. Regularisation possible — verify building permit status. If permit is valid, AMA registration takes 3-6 months. Acquisition at discount may be viable post-regularisation.",ARIA Phase 1 EDA · IAB Athens Sept 2025,AMA compliance rate — Athens market context,0.732
24597658,ΑΜΠΕΛΟΚΗΠΟΙ,near_1_3km,60.0,66.0,3960.0,UNLICENSED,MEDIUM,Regularisation possible (outside AMA freeze zone). Process takes 3-6 months. Verify building permit status before acquisition.,True,"MONITOR. Regularisation possible — verify building permit status. If permit is valid, AMA registration takes 3-6 months. Acquisition at discount may be viable post-regularisation.",ARIA Phase 1 EDA · IAB Athens Sept 2025,AMA compliance rate — Athens market context,0.732
24795918,ΚΟΛΩΝΑΚΙ,centre_0_1km,82.0,14.0,1148.0,UNLICENSED,HIGH,Cannot regularise (AMA freeze Dec 2024). Enforcement removal imminent. Do not acquire — monitor for demand redistribution to compliant neighbours.,False,"DO NOT ACQUIRE. Unlicensed in AMA freeze zone — no path to regularisation. Acquisition risk: EUR 5,000-50,000 fine + forced removal. OPPORTUNITY: acquire AMA-registered neighbours who will benefit from this listing's eventual enforcement removal.",ARIA Investment Strategy · Phase 2 + Phase 5 synthesis,Investor strategy — compliance as competitive moat,0.5914
24818083,ΚΥΨΕΛΗ,near_1_3km,28.0,66.0,1848.0,UNLICENSED,MEDIUM,Regularisation possible (outside AMA freeze zone). Process takes 3-6 months. Verify building permit status before acquisition.,True,"MONITOR. Regularisation possible — verify building permit status. If permit is valid, AMA registration takes 3-6 months. Acquisition at discount may be viable post-regularisation.",ARIA Phase 1 EDA · IAB Athens Sept 2025,AMA compliance rate — Athens market context,0.732
25358250,ΚΕΡΑΜΕΙΚΟΣ,near_1_3km,80.0,66.0,5280.0,UNLICENSED,MEDIUM,Regularisation possible (outside AMA freeze zone). Process takes 3-6 months. Verify building permit status before acquisition.,True,"MONITOR. Regularisation possible — verify building permit status. If permit is valid, AMA registration takes 3-6 months. Acquisition at discount may be viable post-regularisation.",ARIA Phase 1 EDA · IAB Athens Sept 2025,AMA compliance rate — Athens market context,0.732
25625786,ΕΜΠΟΡΙΚΟ ΤΡΙΓΩΝΟ-ΠΛΑΚΑ,centre_0_1km,150.0,6.0,900.0,UNLICENSED,HIGH,Cannot regularise (AMA freeze Dec 2024). Enforcement removal imminent. Do not acquire — monitor for demand redistribution to compliant neighbours.,False,"DO NOT ACQUIRE. Unlicensed in AMA freeze zone — no path to regularisation. Acquisition risk: EUR 5,000-50,000 fine + forced removal. OPPORTUNITY: acquire AMA-registered neighbours who will benefit from this listing's eventual enforcement removal.",ARIA Investment Strategy · Phase 2 + Phase 5 synthesis,Investor strategy — compliance as competitive moat,0.5914
25957372,ΑΝΩ ΠΑΤΗΣΙΑ,far_5km_plus,102.0,66.0,6732.0,UNLICENSED,LOW,Peripheral zone. Low enforcement density. Standard due diligence.,True,LOW PRIORITY. Peripheral unlicensed listing. Standard compliance due diligence recommended before acquisition.,ARIA Phase 1 EDA · IAB Athens Sept 2025,AMA compliance rate — Athens market context,0.6142
26582737,ΚΕΡΑΜΕΙΚΟΣ,near_1_3km,92.0,66.0,6072.0,UNLICENSED,MEDIUM,Regularisation possible (outside AMA freeze zone). Process takes 3-6 months. Verify building permit status before acquisition.,True,"MONITOR. Regularisation possible — verify building permit status. If permit is valid, AMA registration takes 3-6 months. Acquisition at discount may be viable post-regularisation.",ARIA Phase 1 EDA · IAB Athens Sept 2025,AMA compliance rate — Athens market context,0.732
27058839,ΠΑΤΗΣΙΑ,mid_3_5km,56.0,66.0,3696.0,UNLICENSED,LOW,Lower enforcement priority. Standard due diligence recommended.,True,LOW PRIORITY. Peripheral unlicensed listing. Standard compliance due diligence recommended before acquisition.,Law 4276/2014 amended · Greek Tax Authority (AADE),AMA violation penalties,0.6615
27712150,ΝΙΡΒΑΝΑ,mid_3_5km,35.0,66.0,2310.0,UNLICENSED,LOW,Lower enforcement priority. Standard due diligence recommended.,True,LOW PRIORITY. Peripheral unlicensed listing. Standard compliance due diligence recommended before acquisition.,Law 4276/2014 amended · Greek Tax Authority (AADE),AMA violation penalties,0.6615
28239817,ΚΟΥΚΑΚΙ-ΜΑΚΡΥΓΙΑΝΝΗ,near_1_3km,72.0,66.0,4752.0,UNLICENSED,MEDIUM,Regularisation possible (outside AMA freeze zone). Process takes 3-6 months. Verify building permit status before acquisition.,True,"MONITOR. Regularisation possible — verify building permit status. If permit is valid, AMA registration takes 3-6 months. Acquisition at discount may be viable post-regularisation.",ARIA Phase 1 EDA · IAB Athens Sept 2025,AMA compliance rate — Athens market context,0.732
28992564,ΚΟΥΚΑΚΙ-ΜΑΚΡΥΓΙΑΝΝΗ,near_1_3km,73.0,66.0,4818.0,UNLICENSED,MEDIUM,Regularisation possible (outside AMA freeze zone). Process takes 3-6 months. Verify building permit status before acquisition.,True,"MONITOR. Regularisation possible — verify building permit status. If permit is valid, AMA registration takes 3-6 months. Acquisition at discount may be viable post-regularisation.",ARIA Phase 1 EDA · IAB Athens Sept 2025,AMA compliance rate — Athens market context,0.732
29122586,ΚΕΡΑΜΕΙΚΟΣ,near_1_3km,55.0,6.0,330.0,UNLICENSED,MEDIUM,Regularisation possible (outside AMA freeze zone). Process takes 3-6 months. Verify building permit status before acquisition.,True,"MONITOR. Regularisation possible — verify building permit status. If permit is valid, AMA registration takes 3-6 months. Acquisition at discount may be viable post-regularisation.",ARIA Phase 1 EDA · IAB Athens Sept 2025,AMA compliance rate — Athens market context,0.732
29729536,ΚΟΥΚΑΚΙ-ΜΑΚΡΥΓΙΑΝΝΗ,near_1_3km,225.0,66.0,14850.0,UNLICENSED,MEDIUM,Regularisation possible (outside AMA freeze zone). Process takes 3-6 months. Verify building permit status before acquisition.,True,"MONITOR. Regularisation possible — verify building permit status. If permit is valid, AMA registration takes 3-6 months. Acquisition at discount may be viable post-regularisation.",ARIA Phase 1 EDA · IAB Athens Sept 2025,AMA compliance rate — Athens market context,0.732
29736302,ΚΟΛΩΝΑΚΙ,centre_0_1km,52.0,66.0,3432.0,UNLICENSED,HIGH,Cannot regularise (AMA freeze Dec 2024). Enforcement removal imminent. Do not acquire — monitor for demand redistribution to compliant neighbours.,False,"DO NOT ACQUIRE. Unlicensed in AMA freeze zone — no path to regularisation. Acquisition risk: EUR 5,000-50,000 fine + forced removal. OPPORTUNITY: acquire AMA-registered neighbours who will benefit from this listing's eventual enforcement removal.",ARIA Investment Strategy · Phase 2 + Phase 5 synthesis,Investor strategy — compliance as competitive moat,0.5914
30712288,ΝΕΟΣ ΚΟΣΜΟΣ,near_1_3km,124.0,66.0,8184.0,UNLICENSED,MEDIUM,Regularisation possible (outside AMA freeze zone). Process takes 3-6 months. Verify building permit status before acquisition.,True,"MONITOR. Regularisation possible — verify building permit status. If permit is valid, AMA registration takes 3-6 months. Acquisition at discount may be viable post-regularisation.",ARIA Phase 1 EDA · IAB Athens Sept 2025,AMA compliance rate — Athens market context,0.732
31623019,ΜΟΥΣΕΙΟ-ΕΞΑΡΧΕΙΑ-ΝΕΑΠΟΛΗ,near_1_3km,64.0,66.0,4224.0,UNLICENSED,MEDIUM,Regularisation possible (outside AMA freeze zone). Process takes 3-6 months. Verify building permit status before acquisition.,True,"MONITOR. Regularisation possible — verify building permit status. If permit is valid, AMA registration takes 3-6 months. Acquisition at discount may be viable post-regularisation.",ARIA Phase 1 EDA · IAB Athens Sept 2025,AMA compliance rate — Athens market context,0.732
32322508,ΓΚΥΖΗ,near_1_3km,50.0,66.0,3300.0,UNLICENSED,MEDIUM,Regularisation possible (outside AMA freeze zone). Process takes 3-6 months. Verify building permit status before acquisition.,True,"MONITOR. Regularisation possible — verify building permit status. If permit is valid, AMA registration takes 3-6 months. Acquisition at discount may be viable post-regularisation.",ARIA Phase 1 EDA · IAB Athens Sept 2025,AMA compliance rate — Athens market context,0.732
32356399,ΓΟΥΔΙ,near_1_3km,35.0,66.0,2310.0,UNLICENSED,MEDIUM,Regularisation possible (outside AMA freeze zone). Process takes 3-6 months. Verify building permit status before acquisition.,True,"MONITOR. Regularisation possible — verify building permit status. If permit is valid, AMA registration takes 3-6 months. Acquisition at discount may be viable post-regularisation.",ARIA Phase 1 EDA · IAB Athens Sept 2025,AMA compliance rate — Athens market context,0.732
32512512,ΠΑΓΚΡΑΤΙ,near_1_3km,95.0,66.0,6270.0,UNLICENSED,MEDIUM,Regularisation possible (outside AMA freeze zone). Process takes 3-6 months. Verify building permit status before acquisition.,True,"MONITOR. Regularisation possible — verify building permit status. If permit is valid, AMA registration takes 3-6 months. Acquisition at discount may be viable post-regularisation.",ARIA Phase 1 EDA · IAB Athens Sept 2025,AMA compliance rate — Athens market context,0.732
34564371,ΚΟΛΩΝΑΚΙ,centre_0_1km,233.0,66.0,15378.0,UNLICENSED,HIGH,Cannot regularise (AMA freeze Dec 2024). Enforcement removal imminent. Do not acquire — monitor for demand redistribution to compliant neighbours.,False,"DO NOT ACQUIRE. Unlicensed in AMA freeze zone — no path to regularisation. Acquisition risk: EUR 5,000-50,000 fine + forced removal. OPPORTUNITY: acquire AMA-registered neighbours who will benefit from this listing's eventual enforcement removal.",ARIA Investment Strategy · Phase 2 + Phase 5 synthesis,Investor strategy — compliance as competitive moat,0.5914
35159483,ΜΟΥΣΕΙΟ-ΕΞΑΡΧΕΙΑ-ΝΕΑΠΟΛΗ,near_1_3km,33.0,24.0,792.0,UNLICENSED,MEDIUM,Regularisation possible (outside AMA freeze zone). Process takes 3-6 months. Verify building permit status before acquisition.,True,"MONITOR. Regularisation possible — verify building permit status. If permit is valid, AMA registration takes 3-6 months. Acquisition at discount may be viable post-regularisation.",ARIA Phase 1 EDA · IAB Athens Sept 2025,AMA compliance rate — Athens market context,0.732
35368656,ΣΤΑΘΜΟΣ ΛΑΡΙΣΗΣ,near_1_3km,298.0,66.0,19668.0,UNLICENSED,MEDIUM,Regularisation possible (outside AMA freeze zone). Process takes 3-6 months. Verify building permit status before acquisition.,True,"MONITOR. Regularisation possible — verify building permit status. If permit is valid, AMA registration takes 3-6 months. Acquisition at discount may be viable post-regularisation.",ARIA Phase 1 EDA · IAB Athens Sept 2025,AMA compliance rate — Athens market context,0.732
35797948,ΠΛΑΤΕΙΑ ΑΜΕΡΙΚΗΣ,near_1_3km,80.0,66.0,5280.0,UNLICENSED,MEDIUM,Regularisation possible (outside AMA freeze zone). Process takes 3-6 months. Verify building permit status before acquisition.,True,"MONITOR. Regularisation possible — verify building permit status. If permit is valid, AMA registration takes 3-6 months. Acquisition at discount may be viable post-regularisation.",ARIA Phase 1 EDA · IAB Athens Sept 2025,AMA compliance rate — Athens market context,0.732
35840673,ΕΜΠΟΡΙΚΟ ΤΡΙΓΩΝΟ-ΠΛΑΚΑ,centre_0_1km,120.0,6.0,720.0,UNLICENSED,HIGH,Cannot regularise (AMA freeze Dec 2024). Enforcement removal imminent. Do not acquire — monitor for demand redistribution to compliant neighbours.,False,"DO NOT ACQUIRE. Unlicensed in AMA freeze zone — no path to regularisation. Acquisition risk: EUR 5,000-50,000 fine + forced removal. OPPORTUNITY: acquire AMA-registered neighbours who will benefit from this listing's eventual enforcement removal.",ARIA Investment Strategy · Phase 2 + Phase 5 synthesis,Investor strategy — compliance as competitive moat,0.5914
36014408,ΠΕΔΙΟ ΑΡΕΩΣ,near_1_3km,27.0,66.0,1782.0,UNLICENSED,MEDIUM,Regularisation possible (outside AMA freeze zone). Process takes 3-6 months. Verify building permit status before acquisition.,True,"MONITOR. Regularisation possible — verify building permit status. If permit is valid, AMA registration takes 3-6 months. Acquisition at discount may be viable post-regularisation.",ARIA Phase 1 EDA · IAB Athens Sept 2025,AMA compliance rate — Athens market context,0.732
36099607,ΛΥΚΑΒΗΤΤΟΣ,near_1_3km,45.0,66.0,2970.0,UNLICENSED,MEDIUM,Regularisation possible (outside AMA freeze zone). Process takes 3-6 months. Verify building permit status before acquisition.,True,"MONITOR. Regularisation possible — verify building permit status. If permit is valid, AMA registration takes 3-6 months. Acquisition at discount may be viable post-regularisation.",ARIA Phase 1 EDA · IAB Athens Sept 2025,AMA compliance rate — Athens market context,0.732
36174618,ΚΟΥΚΑΚΙ-ΜΑΚΡΥΓΙΑΝΝΗ,near_1_3km,69.0,66.0,4554.0,UNLICENSED,MEDIUM,Regularisation possible (outside AMA freeze zone). Process takes 3-6 months. Verify building permit status before acquisition.,True,"MONITOR. Regularisation possible — verify building permit status. If permit is valid, AMA registration takes 3-6 months. Acquisition at discount may be viable post-regularisation.",ARIA Phase 1 EDA · IAB Athens Sept 2025,AMA compliance rate — Athens market context,0.732
37705400,ΑΜΠΕΛΟΚΗΠΟΙ,near_1_3km,122.0,66.0,8052.0,UNLICENSED,MEDIUM,Regularisation possible (outside AMA freeze zone). Process takes 3-6 months. Verify building permit status before acquisition.,True,"MONITOR. Regularisation possible — verify building permit status. If permit is valid, AMA registration takes 3-6 months. Acquisition at discount may be viable post-regularisation.",ARIA Phase 1 EDA · IAB Athens Sept 2025,AMA compliance rate — Athens market context,0.732
38326528,ΑΓΙΟΣ ΝΙΚΟΛΑΟΣ,mid_3_5km,48.0,66.0,3168.0,UNLICENSED,LOW,Lower enforcement priority. Standard due diligence recommended.,True,LOW PRIORITY. Peripheral unlicensed listing. Standard compliance due diligence recommended before acquisition.,Law 4276/2014 amended · Greek Tax Authority (AADE),AMA violation penalties,0.6615
38411461,ΑΜΠΕΛΟΚΗΠΟΙ,near_1_3km,198.0,66.0,13068.0,UNLICENSED,MEDIUM,Regularisation possible (outside AMA freeze zone). Process takes 3-6 months. Verify building permit status before acquisition.,True,"MONITOR. Regularisation possible — verify building permit status. If permit is valid, AMA registration takes 3-6 months. Acquisition at discount may be viable post-regularisation.",ARIA Phase 1 EDA · IAB Athens Sept 2025,AMA compliance rate — Athens market context,0.732
38498719,ΑΜΠΕΛΟΚΗΠΟΙ,mid_3_5km,143.0,66.0,9438.0,UNLICENSED,LOW,Lower enforcement priority. Standard due diligence recommended.,True,LOW PRIORITY. Peripheral unlicensed listing. Standard compliance due diligence recommended before acquisition.,Law 4276/2014 amended · Greek Tax Authority (AADE),AMA violation penalties,0.6615
38926211,ΠΑΤΗΣΙΑ,mid_3_5km,400.0,66.0,26400.0,UNLICENSED,LOW,Lower enforcement priority. Standard due diligence recommended.,True,LOW PRIORITY. Peripheral unlicensed listing. Standard compliance due diligence recommended before acquisition.,Law 4276/2014 amended · Greek Tax Authority (AADE),AMA violation penalties,0.6615
39069205,ΚΟΛΩΝΑΚΙ,near_1_3km,306.0,66.0,20196.0,UNLICENSED,MEDIUM,Regularisation possible (outside AMA freeze zone). Process takes 3-6 months. Verify building permit status before acquisition.,True,"MONITOR. Regularisation possible — verify building permit status. If permit is valid, AMA registration takes 3-6 months. Acquisition at discount may be viable post-regularisation.",ARIA Phase 1 EDA · IAB Athens Sept 2025,AMA compliance rate — Athens market context,0.732
39251016,ΠΑΓΚΡΑΤΙ,near_1_3km,28.0,66.0,1848.0,UNLICENSED,MEDIUM,Regularisation possible (outside AMA freeze zone). Process takes 3-6 months. Verify building permit status before acquisition.,True,"MONITOR. Regularisation possible — verify building permit status. If permit is valid, AMA registration takes 3-6 months. Acquisition at discount may be viable post-regularisation.",ARIA Phase 1 EDA · IAB Athens Sept 2025,AMA compliance rate — Athens market context,0.732
39310044,ΑΝΩ ΚΥΨΕΛΗ,mid_3_5km,50.0,66.0,3300.0,UNLICENSED,LOW,Lower enforcement priority. Standard due diligence recommended.,True,LOW PRIORITY. Peripheral unlicensed listing. Standard compliance due diligence recommended before acquisition.,Law 4276/2014 amended · Greek Tax Authority (AADE),AMA violation penalties,0.6615
39746159,ΚΟΛΩΝΟΣ,mid_3_5km,93.0,66.0,6138.0,UNLICENSED,LOW,Lower enforcement priority. Standard due diligence recommended.,True,LOW PRIORITY. Peripheral unlicensed listing. Standard compliance due diligence recommended before acquisition.,Law 4276/2014 amended · Greek Tax Authority (AADE),AMA violation penalties,0.6615
40389876,ΜΟΥΣΕΙΟ-ΕΞΑΡΧΕΙΑ-ΝΕΑΠΟΛΗ,near_1_3km,136.0,66.0,8976.0,UNLICENSED,MEDIUM,Regularisation possible (outside AMA freeze zone). Process takes 3-6 months. Verify building permit status before acquisition.,True,"MONITOR. Regularisation possible — verify building permit status. If permit is valid, AMA registration takes 3-6 months. Acquisition at discount may be viable post-regularisation.",ARIA Phase 1 EDA · IAB Athens Sept 2025,AMA compliance rate — Athens market context,0.732
40422876,ΑΓΙΟΣ ΝΙΚΟΛΑΟΣ,mid_3_5km,52.0,66.0,3432.0,UNLICENSED,LOW,Lower enforcement priority. Standard due diligence recommended.,True,LOW PRIORITY. Peripheral unlicensed listing. Standard compliance due diligence recommended before acquisition.,Law 4276/2014 amended · Greek Tax Authority (AADE),AMA violation penalties,0.6615
40502958,ΚΟΥΚΑΚΙ-ΜΑΚΡΥΓΙΑΝΝΗ,near_1_3km,77.0,66.0,5082.0,UNLICENSED,MEDIUM,Regularisation possible (outside AMA freeze zone). Process takes 3-6 months. Verify building permit status before acquisition.,True,"MONITOR. Regularisation possible — verify building permit status. If permit is valid, AMA registration takes 3-6 months. Acquisition at discount may be viable post-regularisation.",ARIA Phase 1 EDA · IAB Athens Sept 2025,AMA compliance rate — Athens market context,0.732
40860168,ΙΛΙΣΙΑ,near_1_3km,134.0,66.0,8844.0,UNLICENSED,MEDIUM,Regularisation possible (outside AMA freeze zone). Process takes 3-6 months. Verify building permit status before acquisition.,True,"MONITOR. Regularisation possible — verify building permit status. If permit is valid, AMA registration takes 3-6 months. Acquisition at discount may be viable post-regularisation.",ARIA Phase 1 EDA · IAB Athens Sept 2025,AMA compliance rate — Athens market context,0.732
41373916,ΚΟΥΚΑΚΙ-ΜΑΚΡΥΓΙΑΝΝΗ,near_1_3km,72.0,66.0,4752.0,UNLICENSED,MEDIUM,Regularisation possible (outside AMA freeze zone). Process takes 3-6 months. Verify building permit status before acquisition.,True,"MONITOR. Regularisation possible — verify building permit status. If permit is valid, AMA registration takes 3-6 months. Acquisition at discount may be viable post-regularisation.",ARIA Phase 1 EDA · IAB Athens Sept 2025,AMA compliance rate — Athens market context,0.732
41802378,ΚΥΨΕΛΗ,near_1_3km,33.0,66.0,2178.0,UNLICENSED,MEDIUM,Regularisation possible (outside AMA freeze zone). Process takes 3-6 months. Verify building permit status before acquisition.,True,"MONITOR. Regularisation possible — verify building permit status. If permit is valid, AMA registration takes 3-6 months. Acquisition at discount may be viable post-regularisation.",ARIA Phase 1 EDA · IAB Athens Sept 2025,AMA compliance rate — Athens market context,0.732
42303843,ΑΓΙΟΣ ΚΩΝΣΤΑΝΤΙΝΟΣ-ΠΛΑΤΕΙΑ ΒΑΘΗΣ,near_1_3km,32.0,66.0,2112.0,UNLICENSED,MEDIUM,Regularisation possible (outside AMA freeze zone). Process takes 3-6 months. Verify building permit status before acquisition.,True,"MONITOR. Regularisation possible — verify building permit status. If permit is valid, AMA registration takes 3-6 months. Acquisition at discount may be viable post-regularisation.",ARIA Phase 1 EDA · IAB Athens Sept 2025,AMA compliance rate — Athens market context,0.732
42307741,ΑΓΙΟΣ ΚΩΝΣΤΑΝΤΙΝΟΣ-ΠΛΑΤΕΙΑ ΒΑΘΗΣ,near_1_3km,36.0,66.0,2376.0,UNLICENSED,MEDIUM,Regularisation possible (outside AMA freeze zone). Process takes 3-6 months. Verify building permit status before acquisition.,True,"MONITOR. Regularisation possible — verify building permit status. If permit is valid, AMA registration takes 3-6 months. Acquisition at discount may be viable post-regularisation.",ARIA Phase 1 EDA · IAB Athens Sept 2025,AMA compliance rate — Athens market context,0.732
42321028,ΕΜΠΟΡΙΚΟ ΤΡΙΓΩΝΟ-ΠΛΑΚΑ,centre_0_1km,88.0,66.0,5808.0,UNLICENSED,HIGH,Cannot regularise (AMA freeze Dec 2024). Enforcement removal imminent. Do not acquire — monitor for demand redistribution to compliant neighbours.,False,"DO NOT ACQUIRE. Unlicensed in AMA freeze zone — no path to regularisation. Acquisition risk: EUR 5,000-50,000 fine + forced removal. OPPORTUNITY: acquire AMA-registered neighbours who will benefit from this listing's eventual enforcement removal.",ARIA Investment Strategy · Phase 2 + Phase 5 synthesis,Investor strategy — compliance as competitive moat,0.5914
42920283,ΚΟΥΚΑΚΙ-ΜΑΚΡΥΓΙΑΝΝΗ,centre_0_1km,380.0,66.0,25080.0,UNLICENSED,HIGH,Cannot regularise (AMA freeze Dec 2024). Enforcement removal imminent. Do not acquire — monitor for demand redistribution to compliant neighbours.,False,"DO NOT ACQUIRE. Unlicensed in AMA freeze zone — no path to regularisation. Acquisition risk: EUR 5,000-50,000 fine + forced removal. OPPORTUNITY: acquire AMA-registered neighbours who will benefit from this listing's eventual enforcement removal.",ARIA Investment Strategy · Phase 2 + Phase 5 synthesis,Investor strategy — compliance as competitive moat,0.5914
43307379,ΚΥΨΕΛΗ,near_1_3km,194.0,66.0,12804.0,UNLICENSED,MEDIUM,Regularisation possible (outside AMA freeze zone). Process takes 3-6 months. Verify building permit status before acquisition.,True,"MONITOR. Regularisation possible — verify building permit status. If permit is valid, AMA registration takes 3-6 months. Acquisition at discount may be viable post-regularisation.",ARIA Phase 1 EDA · IAB Athens Sept 2025,AMA compliance rate — Athens market context,0.732
43577962,ΚΟΛΩΝΑΚΙ,centre_0_1km,112.0,66.0,7392.0,UNLICENSED,HIGH,Cannot regularise (AMA freeze Dec 2024). Enforcement removal imminent. Do not acquire — monitor for demand redistribution to compliant neighbours.,False,"DO NOT ACQUIRE. Unlicensed in AMA freeze zone — no path to regularisation. Acquisition risk: EUR 5,000-50,000 fine + forced removal. OPPORTUNITY: acquire AMA-registered neighbours who will benefit from this listing's eventual enforcement removal.",ARIA Investment Strategy · Phase 2 + Phase 5 synthesis,Investor strategy — compliance as competitive moat,0.5914
43946228,ΠΛΑΤΕΙΑ ΑΜΕΡΙΚΗΣ,mid_3_5km,30.0,66.0,1980.0,UNLICENSED,LOW,Lower enforcement priority. Standard due diligence recommended.,True,LOW PRIORITY. Peripheral unlicensed listing. Standard compliance due diligence recommended before acquisition.,Law 4276/2014 amended · Greek Tax Authority (AADE),AMA violation penalties,0.6615
44026238,ΑΚΑΔΗΜΙΑ ΠΛΑΤΩΝΟΣ,mid_3_5km,43.0,210.0,9030.0,UNLICENSED,LOW,Lower enforcement priority. Standard due diligence recommended.,True,LOW PRIORITY. Peripheral unlicensed listing. Standard compliance due diligence recommended before acquisition.,Law 4276/2014 amended · Greek Tax Authority (AADE),AMA violation penalties,0.6615
44227542,ΚΟΥΚΑΚΙ-ΜΑΚΡΥΓΙΑΝΝΗ,near_1_3km,435.0,66.0,28710.0,UNLICENSED,MEDIUM,Regularisation possible (outside AMA freeze zone). Process takes 3-6 months. Verify building permit status before acquisition.,True,"MONITOR. Regularisation possible — verify building permit status. If permit is valid, AMA registration takes 3-6 months. Acquisition at discount may be viable post-regularisation.",ARIA Phase 1 EDA · IAB Athens Sept 2025,AMA compliance rate — Athens market context,0.732
44675973,ΓΟΥΔΙ,near_1_3km,218.0,60.0,13080.0,UNLICENSED,MEDIUM,Regularisation possible (outside AMA freeze zone). Process takes 3-6 months. Verify building permit status before acquisition.,True,"MONITOR. Regularisation possible — verify building permit status. If permit is valid, AMA registration takes 3-6 months. Acquisition at discount may be viable post-regularisation.",ARIA Phase 1 EDA · IAB Athens Sept 2025,AMA compliance rate — Athens market context,0.732
45476998,ΛΥΚΑΒΗΤΤΟΣ,centre_0_1km,190.0,66.0,12540.0,UNLICENSED,HIGH,Cannot regularise (AMA freeze Dec 2024). Enforcement removal imminent. Do not acquire — monitor for demand redistribution to compliant neighbours.,False,"DO NOT ACQUIRE. Unlicensed in AMA freeze zone — no path to regularisation. Acquisition risk: EUR 5,000-50,000 fine + forced removal. OPPORTUNITY: acquire AMA-registered neighbours who will benefit from this listing's eventual enforcement removal.",ARIA Investment Strategy · Phase 2 + Phase 5 synthesis,Investor strategy — compliance as competitive moat,0.5914
45500729,ΕΜΠΟΡΙΚΟ ΤΡΙΓΩΝΟ-ΠΛΑΚΑ,centre_0_1km,287.0,66.0,18942.0,UNLICENSED,HIGH,Cannot regularise (AMA freeze Dec 2024). Enforcement removal imminent. Do not acquire — monitor for demand redistribution to compliant neighbours.,False,"DO NOT ACQUIRE. Unlicensed in AMA freeze zone — no path to regularisation. Acquisition risk: EUR 5,000-50,000 fine + forced removal. OPPORTUNITY: acquire AMA-registered neighbours who will benefit from this listing's eventual enforcement removal.",ARIA Investment Strategy · Phase 2 + Phase 5 synthesis,Investor strategy — compliance as competitive moat,0.5914
45650281,ΕΜΠΟΡΙΚΟ ΤΡΙΓΩΝΟ-ΠΛΑΚΑ,centre_0_1km,269.0,66.0,17754.0,UNLICENSED,HIGH,Cannot regularise (AMA freeze Dec 2024). Enforcement removal imminent. Do not acquire — monitor for demand redistribution to compliant neighbours.,False,"DO NOT ACQUIRE. Unlicensed in AMA freeze zone — no path to regularisation. Acquisition risk: EUR 5,000-50,000 fine + forced removal. OPPORTUNITY: acquire AMA-registered neighbours who will benefit from this listing's eventual enforcement removal.",ARIA Investment Strategy · Phase 2 + Phase 5 synthesis,Investor strategy — compliance as competitive moat,0.5914
46269458,ΝΕΟΣ ΚΟΣΜΟΣ,near_1_3km,95.0,66.0,6270.0,UNLICENSED,MEDIUM,Regularisation possible (outside AMA freeze zone). Process takes 3-6 months. Verify building permit status before acquisition.,True,"MONITOR. Regularisation possible — verify building permit status. If permit is valid, AMA registration takes 3-6 months. Acquisition at discount may be viable post-regularisation.",ARIA Phase 1 EDA · IAB Athens Sept 2025,AMA compliance rate — Athens market context,0.732
47793095,ΕΜΠΟΡΙΚΟ ΤΡΙΓΩΝΟ-ΠΛΑΚΑ,centre_0_1km,175.0,66.0,11550.0,UNLICENSED,HIGH,Cannot regularise (AMA freeze Dec 2024). Enforcement removal imminent. Do not acquire — monitor for demand redistribution to compliant neighbours.,False,"DO NOT ACQUIRE. Unlicensed in AMA freeze zone — no path to regularisation. Acquisition risk: EUR 5,000-50,000 fine + forced removal. OPPORTUNITY: acquire AMA-registered neighbours who will benefit from this listing's eventual enforcement removal.",ARIA Investment Strategy · Phase 2 + Phase 5 synthesis,Investor strategy — compliance as competitive moat,0.5914
47793105,ΘΗΣΕΙΟ,near_1_3km,159.0,66.0,10494.0,UNLICENSED,MEDIUM,Regularisation possible (outside AMA freeze zone). Process takes 3-6 months. Verify building permit status before acquisition.,True,"MONITOR. Regularisation possible — verify building permit status. If permit is valid, AMA registration takes 3-6 months. Acquisition at discount may be viable post-regularisation.",ARIA Phase 1 EDA · IAB Athens Sept 2025,AMA compliance rate — Athens market context,0.732
872865690562904335,ΠΕΤΡΑΛΩΝΑ,near_1_3km,66.0,66.0,4356.0,UNLICENSED,MEDIUM,Regularisation possible (outside AMA freeze zone). Process takes 3-6 months. Verify building permit status before acquisition.,True,"MONITOR. Regularisation possible — verify building permit status. If permit is valid, AMA registration takes 3-6 months. Acquisition at discount may be viable post-regularisation.",ARIA Phase 1 EDA · IAB Athens Sept 2025,AMA compliance rate — Athens market context,0.732
905891783267097138,ΠΛΑΤΕΙΑ ΑΜΕΡΙΚΗΣ,mid_3_5km,48.0,66.0,3168.0,UNLICENSED,LOW,Lower enforcement priority. Standard due diligence recommended.,True,LOW PRIORITY. Peripheral unlicensed listing. Standard compliance due diligence recommended before acquisition.,Law 4276/2014 amended · Greek Tax Authority (AADE),AMA violation penalties,0.6615
947614560081936394,ΠΟΛΥΓΩΝΟ,mid_3_5km,67.0,66.0,4422.0,UNLICENSED,LOW,Lower enforcement priority. Standard due diligence recommended.,True,LOW PRIORITY. Peripheral unlicensed listing. Standard compliance due diligence recommended before acquisition.,Law 4276/2014 amended · Greek Tax Authority (AADE),AMA violation penalties,0.6615
1096365508232984191,ΚΥΨΕΛΗ,near_1_3km,122.0,66.0,8052.0,UNLICENSED,MEDIUM,Regularisation possible (outside AMA freeze zone). Process takes 3-6 months. Verify building permit status before acquisition.,True,"MONITOR. Regularisation possible — verify building permit status. If permit is valid, AMA registration takes 3-6 months. Acquisition at discount may be viable post-regularisation.",ARIA Phase 1 EDA · IAB Athens Sept 2025,AMA compliance rate — Athens market context,0.732
1110932866418695294,ΕΛΛΗΝΟΡΩΣΩΝ,mid_3_5km,39.0,66.0,2574.0,UNLICENSED,LOW,Lower enforcement priority. Standard due diligence recommended.,True,LOW PRIORITY. Peripheral unlicensed listing. Standard compliance due diligence recommended before acquisition.,Law 4276/2014 amended · Greek Tax Authority (AADE),AMA violation penalties,0.6615
1184526255739420035,ΝΙΡΒΑΝΑ,mid_3_5km,80.0,66.0,5280.0,UNLICENSED,LOW,Lower enforcement priority. Standard due diligence recommended.,True,LOW PRIORITY. Peripheral unlicensed listing. Standard compliance due diligence recommended before acquisition.,Law 4276/2014 amended · Greek Tax Authority (AADE),AMA violation penalties,0.6615
1240642344071318071,ΑΚΡΟΠΟΛΗ,near_1_3km,150.0,66.0,9900.0,UNLICENSED,MEDIUM,Regularisation possible (outside AMA freeze zone). Process takes 3-6 months. Verify building permit status before acquisition.,True,"MONITOR. Regularisation possible — verify building permit status. If permit is valid, AMA registration takes 3-6 months. Acquisition at discount may be viable post-regularisation.",ARIA Phase 1 EDA · IAB Athens Sept 2025,AMA compliance rate — Athens market context,0.732
1241835969852081216,ΠΑΓΚΡΑΤΙ,near_1_3km,70.0,66.0,4620.0,UNLICENSED,MEDIUM,Regularisation possible (outside AMA freeze zone). Process takes 3-6 months. Verify building permit status before acquisition.,True,"MONITOR. Regularisation possible — verify building permit status. If permit is valid, AMA registration takes 3-6 months. Acquisition at discount may be viable post-regularisation.",ARIA Phase 1 EDA · IAB Athens Sept 2025,AMA compliance rate — Athens market context,0.732
1303683724688719794,ΚΟΥΚΑΚΙ-ΜΑΚΡΥΓΙΑΝΝΗ,near_1_3km,485.0,66.0,32010.0,UNLICENSED,MEDIUM,Regularisation possible (outside AMA freeze zone). Process takes 3-6 months. Verify building permit status before acquisition.,True,"MONITOR. Regularisation possible — verify building permit status. If permit is valid, AMA registration takes 3-6 months. Acquisition at discount may be viable post-regularisation.",ARIA Phase 1 EDA · IAB Athens Sept 2025,AMA compliance rate — Athens market context,0.732
1303691483193598006,ΚΟΥΚΑΚΙ-ΜΑΚΡΥΓΙΑΝΝΗ,near_1_3km,384.0,66.0,25344.0,UNLICENSED,MEDIUM,Regularisation possible (outside AMA freeze zone). Process takes 3-6 months. Verify building permit status before acquisition.,True,"MONITOR. Regularisation possible — verify building permit status. If permit is valid, AMA registration takes 3-6 months. Acquisition at discount may be viable post-regularisation.",ARIA Phase 1 EDA · IAB Athens Sept 2025,AMA compliance rate — Athens market context,0.732
1304143525981834906,ΠΑΓΚΡΑΤΙ,near_1_3km,115.0,66.0,7590.0,UNLICENSED,MEDIUM,Regularisation possible (outside AMA freeze zone). Process takes 3-6 months. Verify building permit status before acquisition.,True,"MONITOR. Regularisation possible — verify building permit status. If permit is valid, AMA registration takes 3-6 months. Acquisition at discount may be viable post-regularisation.",ARIA Phase 1 EDA · IAB Athens Sept 2025,AMA compliance rate — Athens market context,0.732
1307332484156287163,ΠΑΓΚΡΑΤΙ,near_1_3km,129.0,66.0,8514.0,UNLICENSED,MEDIUM,Regularisation possible (outside AMA freeze zone). Process takes 3-6 months. Verify building permit status before acquisition.,True,"MONITOR. Regularisation possible — verify building permit status. If permit is valid, AMA registration takes 3-6 months. Acquisition at discount may be viable post-regularisation.",ARIA Phase 1 EDA · IAB Athens Sept 2025,AMA compliance rate — Athens market context,0.732
1314270567531650974,ΕΜΠΟΡΙΚΟ ΤΡΙΓΩΝΟ-ΠΛΑΚΑ,centre_0_1km,128.0,54.0,6912.0,UNLICENSED,HIGH,Cannot regularise (AMA freeze Dec 2024). Enforcement removal imminent. Do not acquire — monitor for demand redistribution to compliant neighbours.,False,"DO NOT ACQUIRE. Unlicensed in AMA freeze zone — no path to regularisation. Acquisition risk: EUR 5,000-50,000 fine + forced removal. OPPORTUNITY: acquire AMA-registered neighbours who will benefit from this listing's eventual enforcement removal.",ARIA Investment Strategy · Phase 2 + Phase 5 synthesis,Investor strategy — compliance as competitive moat,0.5914
1366710267725759499,ΠΕΤΡΑΛΩΝΑ,near_1_3km,81.0,66.0,5346.0,UNLICENSED,MEDIUM,Regularisation possible (outside AMA freeze zone). Process takes 3-6 months. Verify building permit status before acquisition.,True,"MONITOR. Regularisation possible — verify building permit status. If permit is valid, AMA registration takes 3-6 months. Acquisition at discount may be viable post-regularisation.",ARIA Phase 1 EDA · IAB Athens Sept 2025,AMA compliance rate — Athens market context,0.732
1389816469846036646,ΝΕΟΣ ΚΟΣΜΟΣ,near_1_3km,51.0,66.0,3366.0,UNLICENSED,MEDIUM,Regularisation possible (outside AMA freeze zone). Process takes 3-6 months. Verify building permit status before acquisition.,True,"MONITOR. Regularisation possible — verify building permit status. If permit is valid, AMA registration takes 3-6 months. Acquisition at discount may be viable post-regularisation.",ARIA Phase 1 EDA · IAB Athens Sept 2025,AMA compliance rate — Athens market context,0.732
1405798438496365080,ΕΜΠΟΡΙΚΟ ΤΡΙΓΩΝΟ-ΠΛΑΚΑ,centre_0_1km,114.0,66.0,7524.0,UNLICENSED,HIGH,Cannot regularise (AMA freeze Dec 2024). Enforcement removal imminent. Do not acquire — monitor for demand redistribution to compliant neighbours.,False,"DO NOT ACQUIRE. Unlicensed in AMA freeze zone — no path to regularisation. Acquisition risk: EUR 5,000-50,000 fine + forced removal. OPPORTUNITY: acquire AMA-registered neighbours who will benefit from this listing's eventual enforcement removal.",ARIA Investment Strategy · Phase 2 + Phase 5 synthesis,Investor strategy — compliance as competitive moat,0.5914
1423280134068593596,ΠΛΑΤΕΙΑ ΑΤΤΙΚΗΣ,near_1_3km,51.0,66.0,3366.0,UNLICENSED,MEDIUM,Regularisation possible (outside AMA freeze zone). Process takes 3-6 months. Verify building permit status before acquisition.,True,"MONITOR. Regularisation possible — verify building permit status. If permit is valid, AMA registration takes 3-6 months. Acquisition at discount may be viable post-regularisation.",ARIA Phase 1 EDA · IAB Athens Sept 2025,AMA compliance rate — Athens market context,0.732
1465980225432661134,ΜΟΥΣΕΙΟ-ΕΞΑΡΧΕΙΑ-ΝΕΑΠΟΛΗ,near_1_3km,302.0,66.0,19932.0,UNLICENSED,MEDIUM,Regularisation possible (outside AMA freeze zone). Process takes 3-6 months. Verify building permit status before acquisition.,True,"MONITOR. Regularisation possible — verify building permit status. If permit is valid, AMA registration takes 3-6 months. Acquisition at discount may be viable post-regularisation.",ARIA Phase 1 EDA · IAB Athens Sept 2025,AMA compliance rate — Athens market context,0.732
1478065760632527156,ΕΜΠΟΡΙΚΟ ΤΡΙΓΩΝΟ-ΠΛΑΚΑ,centre_0_1km,133.0,66.0,8778.0,UNLICENSED,HIGH,Cannot regularise (AMA freeze Dec 2024). Enforcement removal imminent. Do not acquire — monitor for demand redistribution to compliant neighbours.,False,"DO NOT ACQUIRE. Unlicensed in AMA freeze zone — no path to regularisation. Acquisition risk: EUR 5,000-50,000 fine + forced removal. OPPORTUNITY: acquire AMA-registered neighbours who will benefit from this listing's eventual enforcement removal.",ARIA Investment Strategy · Phase 2 + Phase 5 synthesis,Investor strategy — compliance as competitive moat,0.5914
1504081102244522374,ΓΟΥΔΙ,near_1_3km,45.0,66.0,2970.0,UNLICENSED,MEDIUM,Regularisation possible (outside AMA freeze zone). Process takes 3-6 months. Verify building permit status before acquisition.,True,"MONITOR. Regularisation possible — verify building permit status. If permit is valid, AMA registration takes 3-6 months. Acquisition at discount may be viable post-regularisation.",ARIA Phase 1 EDA · IAB Athens Sept 2025,AMA compliance rate — Athens market context,0.732
